,0
HES4,0
ISG15,5
TNFRSF4,2
ANKRD65,0
VWA1,0
ATAD3B,1
MEGF6,0
TPRG1L,2
KCNAB2,2
TNFRSF25,2
CAMTA1,1
TNFRSF9,0
ERRFI1,0
SLC2A5,3
H6PD,2
SRM,4
FBXO6,5
PDPN,0
EFHD2,0
FBXO42,2
NECAP2,1
RCC2,1
NBL1,0
PLA2G2D,0
ALPL,0
HSPG2,0
C1QA,0
C1QC,0
C1QB,0
KDM1A,1
E2F2,1
ID3,0
FUCA1,0
CNR2,3
RCAN3,2
CLIC4,1
MACO1,2
LDLRAP1,2
MAN1C1,2
SELENON,0
STMN1,1
HMGN2,1
RPS6KA1,2
NUDC,1
MAP3K6,2
FGR,0
IFI6,5
THEMIS2,0
ATP5IF1,1
SNHG3,2
SDC3,0
SNRNP40,1
TINAGL1,0
KHDRBS1,1
EIF3I,1
LCK,2
HDAC1,2
MARCKSL1,1
ZBTB8OS,1
RBBP4,1
SYNC,2
RNF19B,0
GJA4,0
PSMB2,1
MAP7D1,2
MEAF6,2
CDCA8,1
BMP8A,0
HEYL,0
SLC2A1,3
TIE1,0
CDC20,1
KIF2C,1
MMACHC,1
PRDX1,1
NASP,1
MAST2,1
RAD54L,1
EPS15,1
NDC1,1
HSPB11,1
PLPP3,1
USP1,1
PDE4B,0
GADD45A,2
FUBP1,2
IFI44L,5
IFI44,5
ADGRL4,0
LINC01781,3
CCN1,0
LMO4,1
GBP1,2
GBP2,2
GBP4,2
GBP5,2
MTF2,1
CNN3,0
TRMT13,2
VCAM1,3
S1PR1,0
CSF1,0
AL365361.1,2
DRAM2,3
CEPT1,3
AL355816.2,2
DENND2D,2
CHI3L2,3
C1orf162,2
MOV10,2
RHOC,0
RSBN1,2
CD2,2
TENT5C,4
PHGDH,1
SEC22B,1
PLEKHO1,3
ANP32E,1
CTSS,0
C1orf56,2
CDC42SE1,2
S100A10,1
S100A9,0
S100A8,0
S100A4,2
S100A16,0
S100A13,0
INTS3,2
RAB13,0
PBXIP1,2
SHC1,0
CKS1B,1
MSTO1,2
ARHGEF2,2
LMNA,0
SEMA4A,1
CCT3,1
MEF2D,1
NES,0
PRCC,1
SH2D2A,2
FCRL5,3
FCRL3,3
FCRL2,3
FCRL1,3
CD5L,4
CD1D,3
CD1C,3
CADM3,0
ACKR1,0
DUSP23,0
SLAMF8,0
PEA15,0
SLAMF7,4
F11R,0
ADAMTS4,0
FCER1G,0
FCGR2A,0
FCGR2B,3
FCRLA,3
RGS5,0
NUF2,1
UCK2,1
CD247,2
RCSD1,3
MPC2,1
TIPRL,1
SELP,0
SELE,3
PRRX1,0
PRDX6,1
RABGAP1L,1
CACYBP,1
RALGPS2,3
GLUL,0
RGS16,0
NPL,1
DHX9,1
LAMC1,0
SMG7,1
TPR,2
PTGS2,0
RGS1,2
RGS13,1
RGS2,0
CFH,0
ASPM,1
LAD1,0
CSRP1,0
LMOD1,0
PTPN7,2
UBE2T,1
ADIPOR1,1
CHI3L1,0
BTG2,4
FMOD,0
SNRPE,1
PIK3C2B,3
NFASC,2
NUCKS1,1
RASSF5,2
FCMR,3
FCAMR,1
CR2,3
CR1,3
CD46,2
CD34,0
G0S2,1
TRAF3IP3,2
TRAF5,2
ATF3,0
CENPF,1
C1orf115,0
CAPN2,2
CNIH4,1
LBR,1
PARP1,1
ITPKB,2
OBSCN,2
GNPAT,2
COA6,1
CHRM3-AS2,2
ZBTB18,2
CMPK2,5
RSAD2,5
LINC01871,2
ID2,0
YWHAQ,1
RRM2,1
ODC1,1
SMC6,3
LAPTM4A,0
SDC1,4
RHOB,0
SF3B6,1
ITSN2,2
CENPA,1
EMILIN1,0
SLC5A6,1
FOSL2,0
LBH,2
LTBP1,1
RASGRP3,1
CRIM1,0
EIF2AK2,5
PRKD3,1
EML4,2
AC010883.3,2
EPAS1,0
RHOQ,3
MSH2,1
MSH6,1
EML6,1
RTN4,0
CCDC88A,1
EFEMP1,0
BCL11A,3
MDH1,1
SPRED2,1
PLEK,0
GFPT1,1
AAK1,2
SNRPG,1
CYP26B1,0
ACTG2,0
MOB1A,1
TRABD2A,2
CAPG,0
GGCX,2
GNLY,2
RMND5A,1
CD8A,2
CD8B,2
KRCC1,1
IGKC,4
MAL,2
DUSP2,2
TMEM127,1
NCAPH,1
ARID5A,2
ZAP70,2
TMEM131,2
MGAT4A,2
AFF3,3
RNF149,0
MAP4K4,1
MALL,0
BUB1,1
ZC3H6,2
SLC20A1,0
NT5DC4,0
IL1B,0
ACTR3,1
MARCO,0
DBI,1
GYPC,1
MYO7B,3
UGGT1,1
IMP4,1
PTPN18,3
MZT2A,1
MGAT5,3
TMEM163,0
MCM6,1
ZEB2,0
RND3,0
ARL5A,1
NR4A2,0
CYTIP,2
PKP4,2
LY75,1
RBMS1,0
DHRS9,1
PPIG,1
SSB,1
CYBRD1,0
HAT1,1
ITGA6,2
PDK1,4
CDCA7,1
DNAJC10,3
FRZB,0
CALCRL,0
TFPI,0
COL3A1,0
SLC40A1,0
STAT1,2
STAT4,2
MYO1B,3
CAVIN2,0
HSPE1,1
SPATS2L,1
NDUFB3,1
CD28,2
CTLA4,2
ICOS,2
INO80D,2
LINC01857,3
PIKFYVE,2
FN1,0
IGFBP5,0
TNS1,0
CYP27A1,0
ANKZF1,2
DES,0
WDFY1,2
SERPINE2,1
CCL20,0
SP110,3
CAB39,1
ITM2C,4
COPS7B,2
NPPC,1
HJURP,1
ARL4C,0
ACKR3,0
COL6A3,0
RAMP1,1
AC104809.2,0
PASK,2
PDCD1,1
BHLHE40,0
OGG1,1
CAMK1,1
BRK1,1
FBLN2,0
LSM3,1
OXNAD1,2
RFTN1,1
SATB1,2
UBE2E1,1
TGFBR2,0
OSBPL10,3
CMTM6,0
UBP1,2
SLC25A38,2
TRAK1,3
LTF,3
ALS2CL,2
PTPN23,2
LAMB2,0
UBA7,2
HYAL2,0
MANF,4
SEMA3G,0
STAB1,0
GNL3,1
MUSTN1,0
PRKCD,1
ARHGEF3,2
APPL1,1
FLNB,0
DNASE1L3,0
PXK,3
LRIG1,2
KBTBD8,3
FOXP1,2
ROBO1,0
FILIP1L,0
ABI3BP,0
CEP97,1
CD96,2
PHLDB2,0
GCSAM,1
CCDC80,0
TIGIT,2
TMEM39A,4
POGLUT1,1
PLA1A,0
COX17,1
FSTL1,0
EAF2,1
CSTA,3
PARP9,5
DTX3L,5
PARP15,3
PARP14,5
HACD2,1
MYLK,0
HEG1,0
ZXDC,2
PLXNA1,0
MCM2,1
RPN1,4
HMCES,1
MBD4,3
PLXND1,0
TOPBP1,1
SLCO2A1,0
RBP1,0
PLSCR1,0
CPA3,0
GYG1,4
TM4SF1,0
SELENOT,1
SIAH2,1
MME,1
SSR3,4
RARRES1,0
SMC4,1
TNFSF10,0
NCEH1,0
LAMP3,2
KLHL6,1
KLHL24,2
BCL6,1
LPP,1
OPA1,1
HES1,0
PPP1R2,2
APOD,0
TFRC,1
MELTF,1
SLBP,1
TACC3,1
NSD2,1
SH3BP2,3
SH3TC1,1
CPEB2,0
FAM200B,2
CD38,1
LAP3,1
NCAPG,1
SOD3,0
SEL1L3,3
RELL1,0
TBC1D1,1
KLF3,0
TLR10,3
SMIM14,3
UCHL1,1
DANCR,4
CHIC2,1
KDR,0
PAICS,1
HOPX,1
SPINK2,1
IGFBP7,0
STAP1,3
FDCSP,3
JCHAIN,4
GRSF1,2
MOB1B,1
DCK,1
CXCL1,0
CXCL5,0
CXCL2,0
AREG,0
CXCL9,2
CXCL10,5
CCNG2,3
CXCL13,3
TMEM150C,1
PLAC8,3
SPARCL1,0
SPP1,0
HERC6,5
HERC5,5
GPRIN3,2
MMRN1,0
PDLIM5,0
DAPP1,2
H2AFZ,1
BANK1,3
NFKB1,1
PAPSS1,1
LEF1,2
MCUB,2
CFI,0
GAR1,1
CAMK2D,1
SYNPO2,0
MAD2L1,1
ANXA5,0
CCNA2,1
SPRY1,0
TBC1D9,3
SMAD1,0
TMEM154,3
TMEM131L,1
SFRP2,0
GASK1B,0
MARCH1,3
CPE,0
DDX60,5
DDX60L,5
PALLD,0
HMGB2,1
HPGD,1
IRF2,1
CENPU,1
PDLIM3,0
PDCD6,2
SLC12A7,0
CLPTM1L,4
LPCAT1,3
MRPL36,1
CCT5,1
BASP1,1
MTMR12,1
RAI14,0
IL7R,2
LIFR,0
FYB1,2
DAB2,0
C7,0
SELENOP,0
ITGA1,0
GZMK,2
PLPP1,0
MAP3K1,2
GAPT,3
SREK1IP1,1
CD180,3
CCNB1,1
MRPS36,1
MAP1B,0
ENC1,0
HEXB,0
GCNT4,2
F2R,0
LHFPL2,1
TENT2,2
DHFR,1
SSBP2,1
VCAN,0
MEF2C,3
ARRDC3,2
NR2F1,0
ELL2,4
ST8SIA4,1
MAN2A1,2
SLC25A46,1
CAMK4,2
SRP19,1
SNX2,3
CSNK1G3,1
RAPGEF6,2
IRF1,2
VDAC1,1
TCF7,2
PPP2CA,1
H2AFY,1
CXCL14,3
TGFBI,0
EGR1,0
MZB1,4
ECSCR,0
TMEM173,2
CXXC5,3
HBEGF,0
CD14,0
IK,2
NDFIP1,2
ARHGAP26,2
CSF1R,0
PDGFRB,0
TCOF1,2
GPX3,0
CCDC69,1
GM2A,1
SPARC,0
ATOX1,0
TIMD4,0
ITK,2
ADAM19,3
EBF1,3
PTTG1,1
SLIT3,0
LCP2,2
DUSP1,0
STC2,0
RNF44,2
MXD3,1
RGS14,2
PDLIM7,1
DOK3,3
FAM153A,2
NHP2,1
HNRNPAB,1
FLT4,0
BTNL9,3
DUSP22,2
IRF4,4
GMDS,1
TUBB2A,1
TUBB2B,1
LY86,3
DSP,0
TXNDC5,4
PHACTR1,3
CD83,3
DTNBP1,3
DEK,1
RNF144B,1
ID4,0
ACOT13,2
C6orf62,2
HIST1H4C,2
BTN3A2,2
BTN2A1,2
UBD,0
GABBR1,2
IER3,0
TCF19,1
LST1,0
AIF1,0
C2,0
CFB,0
TNXB,0
HLA-DQA1,3
HLA-DOB,3
TAP2,2
HLA-DMB,3
HLA-DMA,3
HLA-DOA,3
KIFC1,1
ITPR3,2
HMGA1,1
DEF6,2
FKBP5,1
MAPK14,1
STK38,2
CDKN1A,0
CPNE5,3
FGD2,3
PIM1,2
CCDC167,1
TFEB,3
CCND3,2
CUL9,2
ZNF318,3
ABCC10,2
VEGFA,0
PLA2G7,0
ADGRF5,0
TNFRSF21,0
MCM3,1
TRAM2,4
COL12A1,0
HMGN3,1
AKIRIN2,1
RNGTT,1
UBE2J1,1
CASP8AP2,2
BACH2,1
PRDM1,4
CD24,3
SCML4,2
SESN1,2
FYN,2
MARCKS,0
CALHM6,0
MAN1A1,4
GJA1,0
SMPDL3A,1
NCOA7,0
CENPW,1
CCN2,0
STX7,3
VNN2,1
SGK1,0
IFNGR1,0
TNFAIP3,2
ABRACL,1
HECA,2
PLEKHG1,3
AKAP12,0
MYCT1,0
IPCEF1,2
ARID1B,3
EZR,1
SOD2,0
TCP1,1
SLC22A3,0
CCR6,3
THBS2,0
PHF10,2
DLL1,0
NUDT1,1
TTYH3,0
CARD11,2
TNRC18,1
FSCN1,0
KDELR2,4
GLCCI1,4
ICA1,2
TSPAN13,0
CDCA7L,3
IL6,0
GPNMB,0
TRA2A,2
OSBPL3,2
CYCS,1
SKAP2,3
CPVL,0
SCRN1,3
GARS,1
AQP1,0
LSM5,1
FKBP9,0
NT5C3A,5
ELMO1,2
SUGCT,1
PSMA2,1
STK17A,2
AEBP1,0
DDX56,2
ZMIZ2,2
H2AFV,1
MYO1G,2
RAMP3,0
IGFBP3,3
SUMF2,1
PHKG1,2
ZNF107,3
ELN,0
LAT2,3
POR,1
HSPB1,0
FGL2,0
GSAP,3
CD36,0
SRI,1
CDK14,3
AKAP9,2
SAMD9L,5
GNG11,0
COL1A2,0
PDK4,0
SEM1,1
TECPR1,2
TRRAP,2
MAP11,2
STAG3,1
PILRB,2
PPP1R35,2
TSC22D4,2
SAP25,2
PCOLCE,0
SERPINE1,0
CUX1,1
SH2B2,3
ORAI2,3
PSMC2,1
RELN,0
SYPL1,3
NAMPT,0
CCDC71L,0
PIK3CG,1
LAMB1,0
CAV1,0
CAPZA2,1
LSM8,1
FAM3C,3
PODXL,0
CALD1,0
LUC7L2,1
PARP12,5
DENND11,2
TRBC1,2
EPHA1,2
EZH2,1
PDIA4,4
RARRES2,0
AC073111.4,2
GIMAP8,2
GIMAP7,2
GIMAP4,2
GIMAP6,2
GIMAP1,2
GIMAP5,2
TMEM176B,0
TMEM176A,0
NUB1,2
PRKAG2,2
DEFA3,1
BLK,3
FDFT1,1
DLC1,0
LPL,0
ATP6V1B2,1
PPP3CC,2
SORBS3,2
CCAR2,2
EGR3,0
LOXL2,1
ADAM28,3
ADAMDEC1,1
DPYSL2,0
EPHX2,1
CLU,3
SCARA3,3
PBK,1
NUGGC,1
SARAF,2
LEPROTL1,2
AC026979.2,2
PLPP5,4
PLEKHA2,3
IDO1,2
TCIM,0
IKBKB,2
CEBPD,0
MCM4,1
TCEA1,1
LYPLA1,1
LYN,3
TOX,1
YTHDF3,2
MYBL1,1
TPD52,3
PAG1,1
FABP5,1
E2F5,1
CPNE3,1
TP53INP1,4
PLEKHF2,3
LAPTM4B,0
MATN2,0
POLR2K,1
RNF19A,2
RRM2B,1
KLF10,0
DCAF13,1
RAD21,1
AC023590.1,1
TNFRSF11B,0
ENPP2,0
COL14A1,0
HAS2,0
ATAD2,1
TRIB1,0
LINC00861,2
MYC,0
FAM49B,1
SLA,2
PTK2,1
DENND3,3
PTP4A3,4
LY6E,5
RHPN1,2
GSDMD,2
PARP10,2
GPAA1,2
CYHR1,2
IL33,0
UHRF2,2
DMAC1,1
NFIB,0
PSIP1,1
NDUFB6,1
DNAJA1,1
AQP3,4
DCAF12,1
IL11RA,2
CCL19,2
CCL21,0
CD72,3
TPM2,0
GBA2,2
RNF38,2
PAX5,3
GRHPR,1
TOMM5,1
CEMIP2,0
ANXA1,0
NMRK1,2
UBQLN1,1
GAS1,0
DAPK1,0
CTSL,0
S1PR3,3
CKS2,1
SYK,3
SUSD3,1
NINJ1,0
ANP32B,1
NANS,1
COL15A1,0
NR4A3,0
SLC44A1,0
RAD23B,1
TXN,1
SVEP1,0
LPAR1,0
GNG10,0
UGCG,0
RGS3,0
TNC,0
PHF19,1
TRAF1,2
GSN,0
STOM,0
STRBP,1
NEK6,1
ARPC5L,1
HSPA5,4
ENG,0
ST6GALNAC4,4
FAM102A,2
SH3GLB2,2
C9orf78,2
FAM78A,2
RALGDS,0
VAV2,3
FCN1,4
QSOX2,3
ENTR1,2
EGFL7,0
LCN10,3
NPDC1,0
SAPCD2,1
TUBB4B,1
KLF6,0
ASB13,1
IL2RA,0
RBM17,1
PFKFB3,0
PRKCQ-AS1,2
ITIH5,3
CELF2,2
USP6NL,3
UPF2,1
CCDC3,0
FAM107B,1
MRC1,0
PIP4K2A,1
APBB1IP,2
ITGB1,0
NRP1,0
CUL2,1
CCNY,1
CXCL12,0
RASSF4,0
DEPP1,2
ALOX5,3
WASHC2C,2
NCOA4,1
ARHGAP22,2
WDFY4,3
ZWINT,1
CDK1,1
SAR1A,1
PPA1,1
PALD1,3
VSIR,0
SPOCK2,2
DNAJC9,1
PLAU,0
VDAC2,1
PLAC9,0
TSPAN14,2
MMRN2,0
SNCG,0
ADIRF,0
GLUD1,1
ACTA2,0
FAS,2
CH25H,0
IFIT2,5
IFIT3,5
IFIT1,5
KIF11,1
HHEX,3
PDLIM1,0
BLNK,3
PIK3AP1,3
LCOR,2
ARHGAP19,1
PGAM1,1
ARMH3,2
WBP1L,0
ATP5MD,1
DUSP5,0
SMC3,1
SHOC2,1
ADRA2A,0
ABLIM1,2
PRDX3,1
RGS10,2
HTRA1,0
CHST15,4
LHPP,3
MKI67,1
PGGHG,2
IFITM1,2
IFITM3,0
SIGIRR,2
ANO9,2
IRF7,5
PNPLA2,2
CD151,0
TSPAN4,0
CTSD,0
H19,0
TSPAN32,2
NAP1L4,2
RRM1,1
TRIM22,5
CAVIN3,0
SMPD1,2
APBB1,2
WEE1,1
SWAP70,3
RNF141,3
LYVE1,0
ZBED5,2
RRAS2,1
PDE3B,2
SPTY2D1,1
CD59,0
LMO2,1
SLC1A2,1
API5,1
C11orf96,0
CD82,3
TP53I11,0
LARGE2,3
DGKZ,2
MDK,1
CKAP5,1
NR1H3,0
MTCH2,1
FNBP4,2
PTPRJ,2
APLNR,0
SSRP1,1
SLC43A3,1
UBE2L6,5
SERPING1,0
LPXN,2
MPEG1,3
MS4A6A,0
MS4A1,3
CD6,2
CD5,2
CYB561A3,3
FEN1,1
FADS3,3
AHNAK,0
PLAAT4,2
CCDC88B,2
EHD1,0
CDCA5,1
SYVN1,3
CAPN1,2
LTBP3,2
CTSW,2
BANF1,1
CCS,2
RBM4,2
POLD4,3
TBC1D10C,2
CDK2AP2,1
ACY3,1
UNC93B1,3
CCND1,0
LAMTOR1,1
FOLR2,1
UCP2,1
SLCO2B1,1
ARRB1,0
SERPINH1,0
PRCP,0
EED,1
PRSS23,0
FZD4,0
CTSC,0
CHORDC1,1
MED17,2
SESN3,2
FAM76B,1
TMEM123,1
DCUN1D5,1
CASP4,2
CASP1,2
CARD16,2
AASDHPPT,1
ATM,2
POU2AF1,3
IL18,0
NNMT,0
TAGLN,0
FXYD6,0
JAML,0
CD3E,2
CD3D,2
CD3G,2
CXCR5,3
BCL9L,2
H2AFX,1
MCAM,0
THY1,0
SORL1,2
ESAM,0
ROBO4,0
APLP2,3
ST14,3
FOXM1,1
CCND2,4
VWF,0
CD9,3
TNFRSF1A,0
LTBR,0
CD27,2
MRPL51,1
NCAPD2,1
PTMS,0
LAG3,2
CD4,0
CDCA3,1
C12orf57,1
C1S,0
C1R,0
C1RL,0
RBP5,3
PEX5,1
SLC2A3,0
AICDA,1
A2M,0
CD69,2
CLEC2B,2
KLRK1,2
YBX3,0
DUSP16,2
CDKN1B,2
APOLD1,0
EMP1,0
ATF7IP,2
MGP,0
LRMP,1
FGFR1OP2,2
PPFIBP1,0
IPO8,1
TSPAN11,1
LINC02422,3
RESF1,2
NELL2,2
SLC38A2,0
PCED1B-AS1,2
RAPGEF3,0
HDAC7,1
FKBP11,4
TUBA1A,0
TUBA1C,1
TROAP,1
SPATS2,1
FMNL3,3
RACGAP1,1
COX14,1
TFCP2,1
BIN2,2
GALNT6,2
GRASP,0
NR4A1,0
MAP3K12,2
CBX5,1
ITGA5,0
TESPA1,2
SARNP,1
MMP19,0
PYM1,1
DGKA,2
ESYT1,2
STAT2,2
TIMELESS,1
LRP1,0
NDUFA4L2,0
MBD6,2
GNS,0
LEMD3,2
LYZ,0
AC020656.1,0
TMEM19,1
RAB21,1
KRR1,1
PHLDA1,0
CSRP2,0
NTS,0
DUSP6,0
LUM,0
DCN,0
LINC02397,3
PLXNC1,0
NDUFA12,1
FGD6,1
METAP2,1
SNRPF,1
TMPO,1
ACTR6,2
STAB2,0
C12orf75,1
TMEM119,3
SELPLG,2
CORO1C,0
GIT2,2
ANKRD13A,1
ARPC3,1
HVCN1,3
SH2B3,0
ALDH2,0
TRAFD1,2
OAS1,5
OAS3,5
OAS2,5
DTX1,1
SUDS3,1
BICDL1,2
PXN,2
DYNLL1,1
OASL,5
CAMKK2,0
RNF34,1
LINC01089,2
BCL7A,1
HIP1R,3
NCOR2,2
SCARB1,0
BRI3BP,1
ZMYM2,2
SAP18,1
SPATA13,2
FLT1,4
POMP,1
ALOX5AP,3
POSTN,0
LHFPL6,0
FOXO1,1
RGCC,2
TNFSF11,0
EPSTI1,5
TSC22D1,0
RUBCNL,3
LRCH1,1
TBC1D4,2
KCTD12,0
EDNRB,0
RBM26,2
IPO5,1
DOCK9,2
GPR183,0
ERCC5,2
COL4A1,0
COL4A2,0
ARHGEF7,2
TUBGCP3,1
ATP11A,2
CUL4A,2
TFDP1,1
TMEM255B,0
GAS6,4
RASA3,2
UPF3A,2
PNP,1
RNASE6,3
RNASE1,0
NDRG2,0
TRAC,2
SLC7A7,3
IRF9,2
ADCY4,0
SDR39U1,2
CTSG,0
GZMB,0
PSMA6,1
PRPF39,2
MGAT2,4
AL627171.2,4
GNG2,1
ERO1A,0
CDKN3,1
CNIH1,1
SAMD4A,3
DAAM1,1
PRKCH,2
SGPP1,1
SYNE2,1
FUT8,1
ACTN1,0
SUSD6,2
PAPLN,0
LTBP2,0
FOS,0
TGFB3,0
TMED8,3
SLIRP,1
SEL1L,4
CCDC88C,2
PPP4R3A,2
TC2N,2
RIN3,2
LGMN,0
UBR7,1
IFI27,0
SERPINA9,1
SERPINA5,1
SERPINA3,3
DICER1,2
CLMN,4
TCL1A,3
BCL11B,2
CCNK,1
DEGS2,2
EXOC3L4,1
TNFAIP2,2
CKB,2
PLD4,3
CRIP2,0
IGHA2,4
IGHE,4
IGHG4,4
IGHG2,4
IGHGP,4
IGHA1,4
IGHG1,4
IGHG3,4
IGHD,3
IGHM,4
FAM30A,3
SNRPN,2
APBA2,2
AC012236.1,4
ARHGAP11A,1
GREM1,0
GOLGA8A,2
THBS1,0
BUB1B,1
PLCB2,2
GCHFR,1
DLL4,0
NUSAP1,1
EHD4,1
ZSCAN29,2
ELL3,1
WDR76,1
BLOC1S6,1
DUT,1
SECISBP2L,2
FGF7,0
GABPB1,1
LYSMD2,1
LINC00926,3
ADAM10,0
CCNB2,1
MYO1E,1
BNIP2,1
TPM1,0
RPS27L,1
USP3,2
SNX22,3
PPIB,4
PCLAF,1
ZNF609,2
PIF1,1
PLEKHO2,0
MAP2K1,1
SMAD3,3
SEMA7A,3
ULK3,2
COX5A,1
NEIL1,1
MAN2C1,2
RCN2,1
PSTPIP1,2
IDH3A,1
PSMA4,1
BCL2A1,3
ZFAND6,3
ABHD17C,0
CEMIP,0
RAMAC,1
HAPLN3,0
MFGE8,1
FANCI,1
PRC1,1
MCTP2,3
NR2F2,0
LRRK1,1
HBA2,1
TMEM8A,2
NME4,2
SOX8,3
TPSB2,0
UNKL,2
CLCN7,2
TMEM204,2
SLC9A3R2,0
SNHG19,1
PDPK1,1
FLYWCH2,2
MMP25-AS1,2
IL32,2
PAM16,2
CORO7,2
CARHSP1,1
CIITA,3
RMI2,1
SOCS1,1
LITAF,0
TXNDC11,4
MRTFB,2
MYH11,0
GPRC5B,0
GGA2,3
NDUFAB1,1
PLK1,1
ARHGAP17,3
NSMCE1,1
IL21R,3
XPO6,2
RABEP2,3
CD19,3
LAT,2
NPIPB11,2
SPN,2
KIF22,1
AC009133.1,2
TMEM219,2
PPP4C,1
ITGAM,0
ITGAX,0
SHCBP1,1
ORC6,1
CYLD,2
RBL2,2
MMP2,0
AMFR,1
NUDT21,1
MT2A,0
MT1X,2
HERPUD1,4
CETP,0
NLRC5,2
ARL2BP,1
CCL22,2
CX3CL1,0
CCL17,2
ADGRG5,3
GOT2,1
CDH5,0
CMTM3,2
CBFB,1
TRADD,2
E2F4,1
RIPOR1,0
CARMIL2,2
SLC7A6,2
TERF2,1
WWP2,1
TERF2IP,1
MAF,1
PLCG2,3
CRISPLD2,0
C16orf74,3
FOXF1,0
KLHDC4,2
SLC7A5,4
RNF166,2
CBFA2T3,3
DPEP1,4
ZNF276,2
FANCA,1
TUBB3,1
DEF8,1
DOC2B,0
RFLNB,2
CRK,1
SERPINF1,0
P2RX5,3
ITGAE,1
P2RX1,3
SPNS2,0
ARRB2,2
GP1BA,0
SCIMP,3
C1QBP,1
NLRP1,2
TXNDC17,1
XAF1,5
CLEC10A,0
CD68,0
KDM6B,0
CHD3,2
VAMP2,2
AURKB,1
CTC1,2
HS3ST3B1,2
PMP22,0
NCOR1,2
TRPV2,2
LRRC75A,2
TNFRSF13B,3
RASD1,0
PRPSAP2,1
MFAP4,2
USP22,1
KSR1,2
LGALS9,5
NLK,1
TNFAIP1,0
SPAG5,1
NEK8,3
TRAF4,3
TP53I13,2
EVI2A,2
RAB11FIP4,2
CDK5R1,3
CCL2,0
CCL8,0
SLFN5,2
CCL5,2
CCL14,0
CCL18,1
CCL3,2
CCL4,0
CCL4L2,2
MLLT6,2
PIP4K2B,2
LASP1,0
PLXDC1,2
IKZF3,3
CSF3,0
WIPF2,1
TOP2A,1
IGFBP4,0
CCR7,2
JUP,0
ACLY,1
CNP,1
CAVIN1,0
RAMP2,0
AOC3,0
IFI35,5
GRN,0
KIF18B,1
AC008105.3,2
FMNL1,2
MAP3K14,2
NPEPPS,2
PHB,1
NGFR,0
COL1A1,0
MRPL27,1
LRRC59,4
ABCC3,3
NME1,1
MMD,3
TRIM25,5
TSPOAP1-AS1,2
AC004687.1,2
SUPT4H1,1
SKA2,1
CLTC,1
TBX2,1
CD79B,3
ERN1,4
PECAM1,0
SMURF2,2
GNA13,1
RGS9,1
PRKCA,2
KPNA2,1
CDC42EP4,1
CD300A,0
RAB37,2
CD300LF,0
SLC9A3R1,2
ATP5PD,1
JPT1,1
SLC25A19,1
MYO15B,2
SPHK1,0
RHBDF2,3
MXRA7,0
SEC14L1,1
TNRC6C-AS1,2
TK1,1
BIRC5,1
SOCS3,0
TIMP2,0
LGALS3BP,2
C1QTNF1,0
RNF213,2
NPTX1,0
OXLD1,2
MRPL12,1
ALYREF,1
ASPSCR1,2
CD7,2
HEXD,2
TBCD,2
METRNL,0
COLEC12,3
TYMS,1
ADCYAP1,1
NDC80,1
LPIN2,2
ANKRD12,2
RAB31,0
PTPN2,2
SNRPD1,1
GATA6,0
INO80C,1
GALNT1,0
SLC39A6,1
MBD2,1
TCF4,3
ALPK2,3
MALT1,2
SEC11C,4
LMAN1,4
BCL2,2
VPS4B,2
RBFA,1
ADNP2,1
MADCAM1,0
GZMM,2
RNF126,2
FSTL3,2
CFD,0
R3HDM4,2
ABCA7,2
TCF3,3
CSNK1G2,2
MKNK2,3
AC104530.1,3
LMNB2,1
GADD45B,2
GNG7,3
AC005944.1,2
MYDGF,4
UHRF1,1
SAFB2,2
SAFB,2
MLLT1,2
DENND1C,2
C3,0
VAV1,2
INSR,1
FCER2,3
CLEC4G,0
CD209,0
CLEC4M,0
CERS4,3
CD320,4
ADAMTS10,2
SHFL,5
DNMT1,1
S1PR2,1
ICAM1,0
SMARCA4,1
LDLR,0
CNN1,0
ACP5,3
MAN2B1,2
DHPS,2
TNPO2,2
JUNB,0
DNASE2,0
LYL1,3
AC020916.1,0
SAMD1,1
ASF1B,1
ADGRE2,0
NOTCH3,0
RASAL3,2
RAB8A,1
HSH2D,3
KLF2,0
HAUS8,1
PLVAP,0
BST2,5
BISPR,2
NIBAN3,3
CCDC124,1
ARRDC2,2
IFI30,0
SUGP2,2
MEF2B,1
LPAR2,2
UQCRFS1,1
PEPD,1
GRAMD1A,2
LSR,2
HAMP,3
CD22,3
ZBTB32,4
HSPB6,0
HCST,2
TYROBP,0
WDR62,1
SIPA1L3,3
PPP1R14A,0
HNRNPL,1
ZFP36,0
PSMC4,1
SERTAD3,2
PCAT19,0
CD79A,3
POU2F2,3
PLAUR,0
BCL3,0
BCAM,0
NECTIN2,0
APOC1,0
FOSB,0
VASP,3
CALM3,1
SAE1,1
C5AR1,0
NAPA,1
EHD2,0
LIG1,1
EMP3,4
RASIP1,0
PPP1R15A,0
RUVBL2,1
FLT3LG,2
FCGRT,0
NOSIP,2
BCL2L12,1
IL4I1,0
SPIB,3
C19orf48,1
NKG7,4
SIGLEC10,3
MYADM,0
LILRA4,2
LILRB4,0
UBE2S,1
ERVK3-1,2
RBCK1,2
SIRPG,2
SIRPA,0
NOP56,1
SIGLEC1,0
CDC25B,2
PCNA,1
JAG1,0
MACROD2,3
DSTN,0
RRBP1,4
THBD,0
CD93,0
CST3,0
CST7,0
APMAP,0
GINS1,1
HM13,4
ID1,0
TPX2,1
HCK,0
MAPRE1,1
SNTA1,1
RALY,2
AHCY,1
MAP1LC3A,3
ROMO1,1
MYL9,0
RAB5IF,1
SAMHD1,0
RPRD1B,1
TGM2,0
LBP,0
PPP1R16B,3
MAFB,1
TOP1,1
PLCG1,2
MYBL2,1
PKIG,3
ADA,1
SDC4,0
UBE2C,1
PLTP,0
MMP9,0
NCOA5,2
CD40,3
SULF2,0
PREX1,0
CEBPB,0
BCAS4,1
DPM1,1
ZNF217,2
AURKA,1
PMEPA1,3
RAB22A,1
STX16,2
CTSZ,0
TAF4,2
LAMA5,3
HELZ2,5
MHENCR,2
STMN3,2
TNFRSF6B,0
LIME1,2
SLC2A4RG,2
SOX18,0
RGS19,3
SAMSN1,2
JAM2,1
ATP5PF,1
APP,0
ADAMTS1,0
CCT8,1
TIAM1,2
IFNAR2,2
ATP5PO,1
MORC3,2
ERG,0
ETS2,0
BRWD1,1
HMGN1,1
BACE2,0
MX2,5
MX1,5
PRDM15,1
UBASH3A,2
CSTB,1
ICOSLG,2
AIRE,0
COL18A1,0
COL6A1,0
COL6A2,0
S100B,0
PRMT2,2
ADA2,4
MICAL3,3
USP18,5
SLC25A1,1
CLDN5,0
TBX1,0
RANBP1,1
UBE2L3,1
SDF2L1,4
AC245060.5,4
IGLC1,4
IGLC2,4
IGLC3,4
IGLC6,1
IGLC7,0
VPREB3,3
DERL3,4
GGT5,0
SNRPD3,1
GRK3,3
HPS4,2
XBP1,4
TCN2,0
SELENOM,0
LIMK2,0
PIK3IP1,2
SFI1,2
DEPDC5,3
TIMP3,0
HMOX1,0
APOL6,2
APOL2,2
CSF2RB,0
IL2RB,2
LGALS2,0
SH3BP1,1
LGALS1,0
EIF3L,1
PICK1,1
MAFF,0
TMEM184B,4
TOMM22,1
GRAP2,2
TNRC6B,2
SGSM3,2
TOB2,0
SREBF2,3
SHISA8,3
TNFRSF13C,3
CENPM,1
SMDT1,1
NDUFA6,1
CYB5R3,0
BIK,1
PARVB,0
FAM118A,2
FBLN1,0
GRAMD4,2
PIM3,0
PLXNB2,0
NCAPH2,2
SHANK3,0
CSF2RA,0
IL3RA,0
P2RY8,1
PRKX,2
MSL3,2
RBBP7,1
SH3KBP1,1
RPS6KA3,2
PRDX4,4
CYBB,3
TSPAN7,0
CXorf38,2
DIPK2B,0
TIMP1,0
CFP,0
WAS,2
PIM2,4
FOXP3,2
MAGED1,1
ABCB7,2
ITM2A,2
BTK,3
HNRNPH2,1
MORF4L2,4
PLS3,0
SLC25A5,1
CD40LG,2
ARHGEF6,2
ATP11C,2
HMGB3,1
BGN,0
SSR4,4
FAM50A,2
MT-ND1,4
MT-ND2,4
MT-CO1,4
MT-ATP8,4
MT-ND3,4
MT-ND4L,4
MT-ND5,4
MT-CYB,4
